Country,Country_Code,Year,Population_Density,Indicator
India,IND,1961,150.197171724646,population_density
India,IND,1962,153.802175441193,population_density
India,IND,1963,157.453299318241,population_density
India,IND,1964,161.183643830364,population_density
India,IND,1965,164.853287546373,population_density
India,IND,1966,168.418515802892,population_density
India,IND,1967,172.073218327789,population_density
India,IND,1968,175.810119434009,population_density
India,IND,1969,179.564892926453,population_density
India,IND,1970,183.595487674854,population_density
India,IND,1971,187.709627369929,population_density
India,IND,1972,191.875440856454,population_density
India,IND,1973,196.242284549592,population_density
India,IND,1974,200.808354326498,population_density
India,IND,1975,205.607288804281,population_density
India,IND,1976,210.501812194983,population_density
India,IND,1977,215.526455759639,population_density
India,IND,1978,220.547031639418,population_density
India,IND,1979,225.735908905923,population_density
India,IND,1980,231.184022884511,population_density
India,IND,1981,236.680551865168,population_density
India,IND,1982,242.26957342114,population_density
India,IND,1983,248.007251806982,population_density
India,IND,1984,253.894116756749,population_density
India,IND,1985,259.871650651321,population_density
India,IND,1986,265.939942620552,population_density
India,IND,1987,272.075202055704,population_density
India,IND,1988,278.267783088198,population_density
India,IND,1989,284.556159882147,population_density
India,IND,1990,290.923964159707,population_density
India,IND,1991,297.299398962058,population_density
India,IND,1992,303.699753463452,population_density
India,IND,1993,310.144453264003,population_density
India,IND,1994,316.550158920217,population_density
India,IND,1995,322.986773129198,population_density
India,IND,1996,329.5041547967,population_density
India,IND,1997,336.047733915424,population_density
India,IND,1998,342.61687951325,population_density
India,IND,1999,349.195921888611,population_density
India,IND,2000,355.82076254797,population_density
India,IND,2001,362.539418940599,population_density
India,IND,2002,369.165905979773,population_density
India,IND,2003,375.624499611528,population_density
India,IND,2004,382.078344471763,population_density
India,IND,2005,388.36277600826,population_density
India,IND,2006,394.485011048739,population_density
India,IND,2007,400.470881780175,population_density
India,IND,2008,406.274393496547,population_density
India,IND,2009,412.191872366045,population_density
India,IND,2010,418.231449722352,population_density
India,IND,2011,424.199245255096,population_density
India,IND,2012,430.068210238834,population_density
India,IND,2013,435.838110245225,population_density
India,IND,2014,441.370107863944,population_density
India,IND,2015,446.666542669658,population_density
India,IND,2016,452.020992940243,population_density
India,IND,2017,457.30592394028,population_density
India,IND,2018,462.351569862673,population_density
India,IND,2019,467.185182245332,population_density
India,IND,2020,471.755150192218,population_density
India,IND,2021,475.652042419085,population_density
India,IND,2022,479.425536881262,population_density
India,IND,2023,483.679010086809,population_density
